bairro;idhm_2000;idhm_2010;idhm_logi_2000;idhm_logi_2010;idhm_educ_2000;idhm_educ_2010;renda_2000;renda_2010;;
AGRONOMIA;0,607;0,707;0,783;0,812;0,451;0,606;533,187;729,132;;
ANCHIETA;0,637;0,736;0,805;0,852;0,462;0,629;600,32;818,43;;
ARQUIPELAGO;0,523;0,65;0,725;0,78;0,326;0,526;365,128;543,705;;
AUXILIADORA;0,866;0,947;0,884;0,935;0,776;0,917;2916,92;3792,29;;
AZENHA;0,813;0,753;0,863;0,85;0,73;0,645;1603,68;1342,025;;
BELA VISTA;0,924;0,958;0,898;0,952;0,879;0,924;4822,42;7216,42;;
BELEM NOVO;0,593;0,73;0,769;0,811;0,43;0,618;523,2;1624,229;;
BELEM VELHO;0,607;0,71;0,783;0,845;0,448;0,595;505,9;724,04;;
BOA VISTA;0,862;0,921;0,873;0,93;0,825;0,884;2202,62;3294,235;;
BOM FIM;0,897;0,94;0,881;0,932;0,879;0,908;2657,68;3591,85;;
BOM JESUS;0,707;0,791;0,837;0,895;0,567;0,75;958,017;1342,231;;
CAMAQUA;0,656;0,755;0,82;0,865;0,513;0,672;678,42;979,964;;
CAMPO NOVO;0,644;0,694;0,822;0,821;0,459;0,572;656,3;695,45;;
CASCATA;0,607;0,7;0,752;0,812;0,414;0,557;517,136;735,729;;
CAVALHADA;0,65;0,75;0,81;0,863;0,511;0,645;702,705;940,53;;
CEL APARICIO BORGES;0,667;0,761;0,83;0,87;0,513;0,701;746,598;982,923;;
CENTRO HISTORICO;0,884;0,914;0,879;0,921;0,85;0,891;2505,59;2632,73;;
CHACARA DAS PEDRAS;0,903;0,958;0,888;0,944;0,87;0,932;3005,64;4403,05;;
CHAPEU DO SOL;0,495;0,645;0,717;0,774;0,289;0,523;320,22;494,38;;
CIDADE BAIXA;0,875;0,932;0,877;0,919;0,843;0,947;2242,88;2586,31;;
CRISTAL;0,685;0,765;0,803;0,845;0,497;0,638;1013,753;1349,728;;
CRISTO REDENTOR;0,852;0,868;0,867;0,917;0,825;0,791;1726,89;2202,5;;
ESPIRITO SANTO;0,815;0,883;0,865;0,918;0,766;0,83;1659,088;2360,693;;
FARRAPOS;0,625;0,731;0,803;0,852;0,478;0,629;667,887;916,057;;
FARROUPILHA;0,91;0,927;0,886;0,931;0,895;0,88;2932,18;3417,25;;
FLORESTA;0,742;0,799;0,867;0,916;0,772;0,822;1665,857;1985,103;;
GLORIA;0,715;0,789;0,822;0,869;0,599;0,715;976,965;1189,625;;
GUARUJA;0,714;0,787;0,849;0,908;0,698;0,794;1047,357;1323,23;;
HIGIENOPOLIS;0,898;0,953;0,889;0,941;0,849;0,923;3170,66;3931,41;;
HIPICA;0,631;0,746;0,778;0,825;0,44;0,638;601,61;935,382;;
HUMAITA;0,658;0,747;0,788;0,843;0,522;0,676;766,15;1210,388;;
INDEPENDENCIA;0,9;0,937;0,886;0,931;0,889;0,88;3139,907;4668,36;;
IPANEMA;0,758;0,832;0,856;0,905;0,694;0,777;1556,813;2077,522;;
JARDIM SAO PEDRO;0,835;0,871;0,865;0,916;0,781;0,81;1699,76;2025,95;;
JARDIM BOTANICO;0,742;0,81;0,839;0,886;0,625;0,721;1281,765;1819,425;;
JARDIM CARVALHO;0,71;0,796;0,843;0,891;0,656;0,754;975,643;1453,745;;
JARDIM DO SALSO;0,838;0,914;0,87;0,925;0,773;0,869;1863,14;2981,44;;
JARDIM FLORESTA;0,704;0,777;0,833;0,874;0,566;0,69;818,81;1031,68;;
JARDIM ITU;0,765;0,851;0,847;0,906;0,673;0,793;1118,325;1715,175;;
JARDIM LINDOIA;0,91;0,927;0,886;0,931;0,895;0,88;2932,18;3417,25;;
JARDIM SABARA;0,784;0,52;0,847;0,903;0,657;0,77;1478,508;1849,35;;
LAGEADO;0,623;0,709;0,79;0,829;0,453;0,576;527,725;712,1;;
LAMI;0,576;0,689;0,757;0,806;0,394;0,582;437,945;626,955;;
LOMBA DO PINHEIRO;0,558;0,665;0,727;0,786;0,349;0,525;402,39;573,081;;
MARIO QUINTANA;0,536;0,655;0,709;0,769;0,3;0,476;400,501;569,554;;
MEDIANEIRA;0,835;0,887;0,865;0,918;0,781;0,83;1699,76;2371,03;;
MENINO DEUS;0,812;0,871;0,865;0,92;0,78;0,857;2267,708;3223,718;;
MOINHOS DE VENTO;0,934;0,958;0,897;0,952;0,907;0,924;4641;7216,42;;
MONT SERRAT;0,903;0,958;0,888;0,944;0,87;0,932;3005,64;4403,05;;
MORRO SANTANA;0,666;0,744;0,826;0,865;0,584;0,672;745,89;961,1;;
NAVEGANTES;0,738;0,714;0,844;0,83;0,616;0,612;981,57;810,09;;
NONOAI;0,72;0,791;0,843;0,895;0,636;0,743;1032,759;1295,993;;
PARTENON;0,687;0,77;0,837;0,891;0,567;0,731;852,849;1092,099;;
PASSO DA AREIA;0,866;0,899;0,871;0,923;0,839;0,851;2165,22;2658,005;;
PASSO DAS PEDRAS;0,714;0,797;0,848;0,912;0,681;0,822;985,914;1429,094;;
PETROPOLIS;0,845;0,907;0,886;0,935;0,881;0,917;2507,617;2965,083;;
PONTA GROSSA;0,703;0,771;0,832;0,875;0,565;0,675;815,655;1033,38;;
PRAIA DE BELAS;0,91;0,76;0,886;0,847;0,895;0,659;2932,18;1901,58;;
RESTINGA;0,548;0,665;0,726;0,784;0,345;0,527;411,721;607,937;;
RIO BRANCO;0,923;0,956;0,893;0,947;0,902;0,924;3811,15;5573,915;;
RUBEM BERTA;0,664;0,758;0,822;0,861;0,478;0,663;742,629;1024,053;;
SANTA CECILIA;0,863;0,94;0,878;0,932;0,803;0,908;2318,72;3591,85;;
SANTA MARIA GORETTI;0,804;0,846;0,849;0,91;0,764;0,79;1169,01;1515,14;;
SANTA TEREZA;0,638;0,731;0,801;0,845;0,497;0,629;752,503;1006,799;;
SANTANA;0,792;0,843;0,856;0,912;0,737;0,802;1515,455;1820,735;;
SANTO ANTONIO;0,835;0,888;0,859;0,915;0,809;0,871;1466,5;1883,02;;
SAO GERALDO;0,794;0,851;0,85;0,913;0,722;0,787;1288,41;1680,17;;
SAO JOAO;0,718;0,796;0,858;0,916;0,724;0,81;1451,543;1928,757;;
SAO SEBASTIAO;0,635;0,74;0,783;0,841;0,496;0,634;859,615;1378,47;;
SARANDI;0,585;0,685;0,755;0,784;0,392;0,492;506,973;710,62;;
SERRARIA;0,522;0,619;0,72;0,765;0,327;0,492;339,96;400,1;;
TERESOPOLIS;0,688;0,745;0,833;0,865;0,553;0,672;835,485;1018,76;;
TRES FIGUEIRAS;0,924;0,958;0,898;0,952;0,879;0,924;4822,42;7216,42;;
TRISTEZA;0,863;0,925;0,878;0,929;0,802;0,878;2364,92;3371,41;;
VILA ASSUNCAO;0,77;0,845;0,847;0,897;0,666;0,776;1802,98;2374,92;;-
VILA CONCEICAO;0,71;0,804;0,803;0,864;0,595;0,724;1670,72;2237,815;;
VILA IPIRANGA;0,751;0,869;0,84;0,915;0,661;0,871;1058,12;3333,12;;
VILA JARDIM;0,745;0,815;0,849;0,912;0,724;0,787;1180,566;1592,139;;
VILA NOVA;0,644;0,727;0,801;0,852;0,513;0,6235;784,299;1045,146;;
SAO JOSE;0,606;0,708;0,76;0,812;0,408;0,566;553,563;750,425;;
VILA JOAO PESSOA;0,621;0,704;0,793;0,811;0,467;0,567;595,62;766,57;;
