bairro;idhm_2000;idhm_2010;idhm_logi_2000;idhm_logi_2010;idhm_educ_2000;idhm_educ_2010;renda_2000;renda_2010;;;;;;;;;;;;
AGRONOMIA;0,614975536;0,716883115;0,780355623;0,824375335;0,447928321;0,623448216;638,73;1280,1;;;;;;;;;;;;
ANCHIETA;0,637;0,736;0,805;0,852;0,462;0,629;742,92;1269,9;;;;;;;;;;;;
ARQUIPELAGO;0,555862598;0,666123649;0,745720472;0,8026012;0,371413911;0,537870228;475,65;1035,3;;;;;;;;;;;;
AUXILIADORA;0,866;0,947;0,884;0,935;0,776;0,917;2997,35;4977,6;;;;;;;;;;;;
AZENHA;0,813;0,856376523;0,863;0,904628291;0,73;0,791416994;1736,5;2871,3;;;;;;;;;;;;
BELA VISTA;0,924;0,958;0,898;0,952;0,879;0,924;5201,95;8960,7;;;;;;;;;;;;
BELEM NOVO;0,644567797;0,736105918;0,803409605;0,843135982;0,4845;0,640281248;724,8;1790,1;;;;;;;;;;;;
BELEM VELHO;0,609845225;0,70685916;0,778926259;0,833460729;0,440712218;0,590488602;721,78;1178,1;;;;;;;;;;;;
BOA VISTA;0,895330189;0,9517248;0,885100437;0,9416256;0,86148838;0,9237744;4033,21;6109,8;;;;;;;;;;;;
BOM FIM;0,897;0,94;0,881;0,932;0,879;0,908;2302,75;3911,7;;;;;;;;;;;;
BOM JESUS;0,573978361;0,691249669;0,757407418;0,816099903;0,403052053;0,575731331;739,9;1382,1;;;;;;;;;;;;
CAMAQUA;0,729731578;0,805334386;0,824286843;0,886518925;0,637840204;0,726690416;1044,92;2101,2;;;;;;;;;;;;
CAMPO NOVO;0,644;0,726714737;0,822;0,849625395;0,459;0,609530882;712,72;1213,8;;;;;;;;;;;;
CASCATA;0,603236795;0,698575412;0,764192471;0,82289985;0,441523894;0,584141839;557,19;1111,8;;;;;;;;;;;;
CAVALHADA;0,724907253;0,799025102;0,830202866;0,884080372;0,608893463;0,725341229;1091,73;2004,3;;;;;;;;;;;;
CENTRO HISTORICO;0,884;0,914;0,879;0,921;0,85;0,891;1931,29;3279,3;;;;;;;;;;;;
CHACARA DAS PEDRAS;0,903;0,958;0,888;0,944;0,87;0,932;3248,01;6471,9;;;;;;;;;;;;
CHAPEU DO SUL;0,498808397;0,644686522;0,71748626;0,773437826;0,29481374;0,523059565;410,72;892,5;;;;;;;;;;;;
CIDADE BAIXA;0,875;0,932;0,877;0,919;0,843;0,947;1677,61;3014,1;;;;;;;;;;;;
CEL APARICIO BORGES;0,62300629;0,715378072;0,787646116;0,824905853;0,450958464;0,617867669;741,41;1315,8;;;;;;;;;;;;
CRISTAL;0,750933633;0,824706627;0,831581901;0,887600991;0,653029308;0,752306533;1414,87;2682,6;;;;;;;;;;;;
CRISTO REDENTOR;0,852;0,868;0,867;0,917;0,825;0,791;1644,39;2901,9;;;;;;;;;;;;
ESPIRITO SANTO;0,822173875;0,895481448;0,865245902;0,919237781;0,747252006;0,846370496;1700,26;3248,7;;;;;;;;;;;;
FARRAPOS;0,553098825;0,674293795;0,75613302;0,808846571;0,366529965;0,551506584;1641,37;1035,3;;;;;;;;;;;;
FARROUPILHA;0,91;0,927;0,886;0,931;0,895;0,88;2627,4;4539;;;;;;;;;;;;
FLORESTA;0,836878962;0,867200373;0,864966568;0,908201306;0,778136627;0,80602922;1908,64;3039,6;;;;;;;;;;;;
GLORIA;0,791457221;0,832531903;0,849295172;0,898195935;0,719432777;0,767565217;1579,46;2397;;;;;;;;;;;;
GUARUJA;0,763099106;0,828591693;0,833811917;0,890003684;0,675615889;0,758533914;1730,46;2968,2;;;;;;;;;;;;
HIGIENOPOLIS;0,898;0,953;0,889;0,941;0,849;0,923;2743,67;5477,4;;;;;;;;;;;;
HIPICA;0,687171209;0,786623314;0,807483782;0,866231161;0,563469931;0,718209913;854,66;1657,5;;;;;;;;;;;;
HUMAITA;0,728427736;0,792207733;0,823002506;0,867869244;0,623389307;0,724872978;996,6;1989;;;;;;;;;;;;
INDEPENDENCIA;0,907581338;0,93806003;0,888363587;0,938365903;0,874926809;0,895862394;3121,17;5033,7;;;;;;;;;;;;
IPANEMA;0,780659002;0,841296043;0,850396439;0,896137;0,6854714;0,772833261;2307,28;3330,3;;;;;;;;;;;;
JARDIM BOTANICO;0,831576649;0,895128025;0,869984862;0,921413386;0,755373934;0,831787158;1908,64;3799,5;;;;;;;;;;;;
JARDIM CARVALHO;0,677483131;0,763392489;0,815325052;0,859582988;0,532897153;0,674207677;933,18;1810,5;;;;;;;;;;;;
JARDIM DO SALSO;0,84022719;0,917909648;0,87022354;0,926164813;0,777230839;0,875489671;2046,05;3340,5;;;;;;;;;;;;
JARDIM FLORESTA;0,72358411;0,79905916;0,839194703;0,88547585;0,59489848;0,723199486;925,63;1754,4;;;;;;;;;;;;
JARDIM ITU;0,790708416;0,868845526;0,851638658;0,91125009;0,722169771;0,815774174;1718,38;3279,3;;;;;;;;;;;;
JARDIM LINDOIA;0,91;0,927;0,886;0,931;0,895;0,88;3035,1;4865,4;;;;;;;;;;;;
JARDIM SABARA;0,775044707;0,845153218;0,848831721;0,908673372;0,687253838;0,787100958;1286,52;2203,2;;;;;;;;;;;;
JARDIM SAO PEDRO;0,835;0,871;0,865;0,916;0,781;0,81;1641,37;2845,8;;;;;;;;;;;;
LAGEADO;0,61557659;0,701563729;0,779621834;0,827523272;0,450057906;0,584950539;569,27;1208,7;;;;;;;;;;;;
LAMI;0,58004522;0,689633348;0,759725243;0,805852865;0,398919863;0,582522404;656,85;1096,5;;;;;;;;;;;;
LOMBA DO PINHEIRO;0,573256123;0,668957978;0,746439252;0,798054312;0,398261887;0,545224442;492,26;999,6;;;;;;;;;;;;
MARIO QUINTANA;0,513062204;0,631340012;0,721652519;0,777790487;0,319846124;0,500412365;394,11;856,8;;;;;;;;;;;;
MEDIANEIRA;0,835;0,887;0,865;0,918;0,781;0,83;1676,1;2728,5;;;;;;;;;;;;
MENINO DEUS;0,892194265;0,924260537;0,880751957;0,927689226;0,868697139;0,88534436;2391,84;4452,3;;;;;;;;;;;;
MOINHOS DE VENTO;0,934;0,958;0,897;0,952;0,907;0,924;4478,66;8180,4;;;;;;;;;;;;
MONT SERRAT;0,903;0,958;0,888;0,944;0,87;0,932;3679,87;6375;;;;;;;;;;;;
MORRO SANTANA;0,68949345;0,763320709;0,81166126;0,863309198;0,564414639;0,672961436;996,6;1739,1;;;;;;;;;;;;
NAVEGANTES;0,738;0,787216807;0,844;0,879814646;0,616;0,704718607;1111,36;1800,3;;;;;;;;;;;;
NONOAI;0,7680181;0,831616378;0,843973782;0,894493841;0,674214826;0,766534785;1414,87;2606,1;;;;;;;;;;;;
PARTENON;0,719166241;0,793704378;0,820448838;0,872725863;0,607347016;0,720913186;1230,65;2111,4;;;;;;;;;;;;
PASSO DA AREIA;0,834363118;0,878496723;0,860214699;0,917141921;0,798734878;0,828898334;1426,95;2896,8;;;;;;;;;;;;
PASSO DAS PEDRAS;0,655134588;0,744606078;0,792664019;0,843961152;0,51700277;0,648672498;916,57;1728,9;;;;;;;;;;;;
PETROPOLIS;0,911184237;0,950263609;0,887415067;0,935576438;0,882142205;0,926440964;3071,34;5451,9;;;;;;;;;;;;
PONTA GROSSA;0,688386322;0,751617375;0,827229179;0,86504676;0,544025228;0,644902207;848,62;1479;;;;;;;;;;;;
PRAIA DE BELAS;0,91;0,856476618;0,886;0,895527161;0,895;0,78667265;1922,23;3656,7;;;;;;;;;;;;
RESTINGA;0,562052276;0,670170742;0,755033922;0,805183092;0,37358211;0,542993776;537,56;1071;;;;;;;;;;;;
RIO BRANCO;0,919938084;0,955218356;0,891497511;0,945880383;0,900274736;0,923443671;3198,18;6104,7;;;;;;;;;;;;
RUBEM BERTA;0,689203659;0,775209777;0,813522666;0,86275736;0,559367569;0,704122756;907,51;1550,4;;;;;;;;;;;;
SANTA CECILIA;0,863;0,94;0,878;0,932;0,803;0,908;2227,25;3870,9;;;;;;;;;;;;
SANTA MARIA GORETTI;0,804;0,846;0,849;0,91;0,764;0,79;1330,31;2249,1;;;;;;;;;;;;
SANTA TEREZA;0,624801272;0,713244915;0,777314123;0,828968525;0,463943076;0,598936528;976,97;1774,8;;;;;;;;;;;;
SANTANA;0,878487854;0,911785088;0,877072958;0,924451417;0,841417373;0,873425522;2117,02;3621;;;;;;;;;;;;
SANTO ANTONIO;0,835;0,888;0,859;0,915;0,809;0,871;1673,08;2667,3;;;;;;;;;;;;
SAO GERALDO;0,794;0,851;0,85;0,913;0,722;0,787;1281,99;2198,1;;;;;;;;;;;;
SAO JOAO;0,803061425;0,865915842;0,849714668;0,90449615;0,735038741;0,800979098;1609,66;3376,2;;;;;;;;;;;;
SAO JOSE;0,591413931;0,694725668;0,762984806;0,813335417;0,418813326;0,584516643;607,02;1132,2;;;;;;;;;;;;
SAO SEBASTIAO;0,702638708;0,796028926;0,810844201;0,870039059;0,594047718;0,708705234;1547,75;2162,4;;;;;;;;;;;;
SARANDI;0,640321876;0,723377931;0,790613485;0,835385023;0,492860711;0,622064991;665,91;1346,4;;;;;;;;;;;;
SERRARIA;0,522;0,619;0,72;0,765;0,327;0,492;412,23;785,4;;;;;;;;;;;;
TERESOPOLIS;0,786366824;0,821546922;0,846264141;0,881363779;0,720186376;0,754662384;1867,87;2942,7;;;;;;;;;;;;
TRES FIGUEIRAS;0,924;0,958;0,898;0,952;0,879;0,924;5799,91;9011,7;;;;;;;;;;;;
TRISTEZA;0,863;0,925;0,878;0,929;0,802;0,878;2550,39;4814,4;;;;;;;;;;;;
VILA ASSUNCAO;0,874319974;0,928932549;0,879050969;0,931129018;0,826009584;0,890392485;4747,44;5676,3;;;;;;;;;;;;
VILA CONCEICAO;0,731707566;0,822450704;0,812116564;0,873323944;0,62593047;0,749225352;2006,79;4437;;;;;;;;;;;;
VILA IPIRANGA;0,826370057;0,886899322;0,85699662;0,915181554;0,793794863;0,865583405;1380,14;3024,3;;;;;;;;;;;;
VILA JARDIM;0,722810415;0,796328587;0,835450628;0,883920513;0,597783871;0,714696292;1032,84;2014,5;;;;;;;;;;;;
VILA JOAO PESSOA;0,655547821;0,734828152;0,800129895;0,845371764;0,507307808;0,632908756;930,16;1642,2;;;;;;;;;;;;
VILA NOVA;0,665653946;0,761659428;0,806042017;0,861651926;0,520242206;0,66779946;924,12;1688,1;;;;;;;;;;;;
